primary_name,movie_count,avg_budget,avg_income,total_income,avg_roi
Anthony Russo,3,251600000.0,1456753604.04,36418840101.0,4.5481432913035285
Joe Russo,3,251600000.0,1456753604.04,36418840101.0,4.5481432913035285
Bill Condon,2,82470588.23529412,824678801.7058823,28039079258.0,15.921179915582574
Zack Snyder,5,234615384.6153846,611639194.5384616,15902619058.0,1.485209757871795
Kenneth Branagh,4,69770731.70731707,386697302.24390244,15854589392.0,33.00971301049934
Carlos Saldanha,3,101657142.85714285,443250776.4285714,15513777175.0,3.4968947112345314
Peter Jackson,3,250000000.0,974316014.6666666,14614740220.0,2.8972640586666665
Lee Unkrich,2,181250000.0,865725956.25,13851615300.0,3.7561341210714283
James Mangold,3,125380952.38095239,579522388.8571428,12169970166.0,3.6040488946531064
Jon Favreau,3,114138888.8888889,670313683.1666666,12065646297.0,5.057181258926586
Mike Mitchell,4,123478260.86956522,516976837.5217391,11890467263.0,3.144115001933484
Rich Moore,2,157000000.0,775401171.6666666,11631017575.0,4.028913643555556
Gareth Edwards,3,124895833.33333333,483718558.875,11609245413.0,4.284497892447916
Ridley Scott,6,138680851.06382978,246889947.21276596,11603827519.0,0.8329085576215491
Kay Cannon,2,47086666.666666664,378736313.6,11362089408.0,44.34143220260882
James Wan,4,125590909.0909091,968607690.5454545,10654684596.0,13.306882681180225
Shane Black,3,146571428.57142857,748591565.8571428,10480281922.0,3.160642531558441
Joss Whedon,3,110428571.42857143,496128785.5714286,10418704497.0,2.3407376827371107
Katharine Round,2,45720000.0,137859394.96,10339454622.0,28.619861013743606
Byron Howard,2,180000000.0,901351695.2727273,9914868648.0,4.557874963356643
Bryan Singer,4,174000000.0,563250602.7647059,9575260247.0,3.3284943335093917
Don Hall,3,103750000.0,396431748.25,9514361958.0,2.1012444861111113
Eric Darnell,2,138117647.05882353,545756055.7058823,9277852947.0,2.8957799039000562
James Gunn,3,61102941.176470585,267782923.97058824,9104619415.0,2.321231658823528
Chris Williams,2,156428571.42857143,643778992.0,9012905888.0,3.1224760952380954
Sam Mendes,2,255555555.55555555,982245837.6666666,8840212539.0,3.0967653707407403
Ruben Fleischer,3,66083333.333333336,368134947.4166667,8835238738.0,2.347399789367816
Jon Watts,2,146666666.66666666,733495901.3333334,8801950816.0,3.1960569333333333
Peyton Reed,2,130000000.0,574477761.5333333,8617166423.0,3.4190597041025628
Jake Kasdan,3,67538461.53846154,655775081.9230769,8525076065.0,8.066696145985155
Tim Burton,5,93400000.0,330211671.28,8255291782.0,1.351464683884163
Colin Trevorrow,2,179291666.66666666,1374782773.0,8248696638.0,6.373647658914728
Marc Webb,3,165785714.2857143,582451665.6428572,8154323319.0,2.8811903074304266
Marilyn Barnes,2,55714285.71428572,575504062.4285715,8057056874.0,13.048581639583333
Taika Waititi,3,93083333.33333333,427470795.8333333,7694474325.0,2.9432405305555545
Tom McGrath,3,139166666.66666666,636741842.3333334,7640902108.0,3.527968376565871
Rob Marshall,3,215215384.6153846,572838388.5384616,7446899051.0,1.9546431681559835
Francis Lawrence,5,112230769.23076923,566677927.0,7366813051.0,3.68485902763851
Conrad Vernon,3,84062500.0,453537386.3125,7256598181.0,5.0972206633393835
Christopher Nolan,4,217500000.0,875734644.5,7005877156.0,3.0506579389867423
Ryan Coogler,3,80992857.14285715,498049340.71428573,6972690770.0,5.334565097134278
Christopher Miller,3,53052631.578947365,364148287.57894737,6918817464.0,5.722891723609022
Phil Lord,3,53052631.578947365,364148287.57894737,6918817464.0,5.722891723609022
Pierre Coffin,4,72875000.0,851327382.75,6810619062.0,10.570681744170942
Guy Ritchie,3,127666666.66666667,443909987.0,6658649805.0,5.777612844975825
Matthew Vaughn,4,109200000.0,324342632.8,6486852656.0,2.2321022990209256
Steven Spielberg,8,77071428.57142857,227851841.64285713,6379851566.0,2.5019244637872835
Chris Renaud,4,73777777.77777778,706047831.8888888,6354430487.0,8.575490051034832
Andy Muschietti,2,18200000.0,235993550.48,5899838762.0,10.48173098285714
Ryan Fleck,2,112375000.0,704400825.0,5635206600.0,3.3218536383928567
Anna Boden,2,112375000.0,704400825.0,5635206600.0,3.3218536383928567
Matt Reeves,3,116923076.92307693,415663168.84615386,5403621195.0,1.9600105534353414
Dean DeBlois,3,153800000.0,523691505.8,5236915058.0,2.4522876815503873
Andrew Stanton,2,237500000.0,651996646.5,5215973172.0,2.0671799824999995
Alex Kurtzman,2,97000000.0,279652288.3333333,5033741190.0,1.6985794393162392
Raja Gosnell,2,110000000.0,446366523.0,4910031753.0,3.0578774818181826
Michael Bay,4,150111111.1111111,542580983.5555556,4883228852.0,2.501279649067181
Brad Peyton,5,91937500.0,300941372.0625,4815061953.0,2.1258574755506947
Jennifer Yuh Nelson,3,122800000.0,480646961.2,4806469612.0,2.477410275585435
Chris Sanders,3,141727272.72727272,426221020.6363636,4688431227.0,1.7936511535353532
Jonathan Liebesman,2,92321428.57142857,332578864.4285714,4656104102.0,6.311110037248679
Yimou Zhang,2,66000000.0,162010365.14285713,4536290224.0,6.175295767619047
Clint Eastwood,7,46681818.18181818,206106271.63636363,4534337976.0,2.9718099579250636
Will Gluck,4,57071428.571428575,160735222.0,4500586216.0,2.2189855306887756
M. Night Shyamalan,5,36315789.473684214,229959500.0526316,4369230501.0,24.419008449811074
Genndy Tartakovsky,3,79500000.0,435518987.8,4355189878.0,4.608915392432126
J.A. Bayona,3,96571428.57142857,621332667.0,4349328669.0,3.811627863279265
Brett Ratner,3,44459459.45945946,117295712.27027027,4339941354.0,1.8991835366704524
David Leitch,3,74444444.44444445,478297117.2222222,4304674055.0,4.348212904040404
Ron Howard,5,97173913.04347827,186744435.08695653,4295122007.0,1.220818601333373
Louis Leterrier,3,65588235.294117644,252543303.6470588,4293236162.0,2.382715705142857
Guillermo del Toro,4,30557699.55357143,76126185.41071428,4263066383.0,16.238266413875113
Mike Thurmeier,2,100714285.71428572,606846019.8571428,4247922139.0,5.157473072896528
Todd Phillips,3,66153846.15384615,317247362.2307692,4124215709.0,3.3525287889497033
Scott Derrickson,3,73615384.61538461,314212348.46153843,4084760530.0,10.476543573892778
Marc Forster,3,115769230.76923077,311063734.15384614,4043828544.0,1.5034670239676113
Alejandro G. Iñárritu,3,71785714.28571428,270554846.71428573,3787767854.0,2.8909342632653066
Nicholas Stoller,5,28250000.0,187137260.2,3742745204.0,7.868093415039681
Steve Martino,2,97285714.28571428,519951693.0,3639661851.0,4.412395496149465
Paul Feig,4,67866666.66666667,241690325.26666668,3625354879.0,5.005510301800502
Elizabeth Banks,3,34451612.90322581,114070022.12903225,3536170686.0,2.488365876529476
Jon M. Chu,6,56200000.0,225367994.73333332,3380519921.0,3.5949609403907203
Jon Turteltaub,3,154000000.0,332096862.7,3320968627.0,1.2744287950642055
F. Gary Gray,3,104666666.66666667,365302717.5555556,3287724458.0,3.316288732282828
Justin Lin,2,170000000.0,409392538.25,3275140306.0,1.6216873120540545
David F. Sandberg,3,27000000.0,216336593.13333333,3245048897.0,21.336643032941172
Kyle Balda,2,74666666.66666667,1076597224.3333333,3229791673.0,13.424319518018018
Peter Farrelly,5,24641025.64102564,82095569.3076923,3201727203.0,2.6860340029247816
Shawn Levy,4,103833333.33333333,263659919.16666666,3163919030.0,1.4601414975275426
David O. Russell,5,44592592.59259259,115710455.48148148,3124182298.0,3.051800028604729
Darren Aronofsky,2,91000000.0,345642946.6666667,3110786520.0,9.303408282051281
Luc Besson,4,37853113.82857143,88573364.48571429,3100067757.0,1.167319909091808
Jaume Collet-Serra,5,26793750.0,88517753.625,2832568116.0,1.5995292045741294
Martin Scorsese,4,65131578.94736842,73964587.05263157,2810654308.0,-0.08967064889926435
Josh Trank,2,88458333.33333333,229356105.41666666,2752273265.0,2.88695874454365
Joseph Kosinski,2,99500000.0,222076269.0,2664915228.0,0.961026173355263
Tim Story,8,23283510.129032258,84766338.64516129,2627756498.0,3.9998949795616907
Seth Gordon,4,31000000.0,107186611.5,2572478676.0,1.3001477123460583
Roland Emmerich,5,103346153.84615384,196785235.3846154,2558208060.0,0.32438685160839165
Tao Han,2,68913043.47826087,110846903.95652173,2549478791.0,0.5926656210224559
David Yates,3,184000000.0,500265802.8,2501329014.0,1.7067855615555558
Brad Bird,2,174285714.2857143,354612259.85714287,2482285819.0,0.9293342120588236
Jeff Wadlow,2,6222222.222222222,91572073.44444445,2472445983.0,23.409840972222224
Joe Johnston,3,140870000.0,242106387.5,2421063875.0,0.728450111794905
Antoine Fuqua,5,72571428.57142857,171615025.7142857,2402610360.0,1.5035278257266544
Daniel Espinosa,3,66730769.23076923,92082756.88461539,2394151679.0,0.3478888337842617
Seth MacFarlane,2,59000000.0,386615385.0,2319692310.0,6.15732908617647
David Gordon Green,6,16221153.846153846,59030293.307692304,2302181439.0,30.821498707685734
Baltasar Kormákur,4,38037037.03703704,80027575.44444445,2160744537.0,1.0757816800002673
J.J. Abrams,2,162000000.0,425499816.2,2127499081.0,1.9998134389473683
Neil Burger,3,44125000.0,176542334.75,2118508017.0,3.486137460588235
Peter Berg,6,42487804.87804878,51502949.3902439,2111620925.0,-0.19425647434861912
Paul Greengrass,3,90625000.0,263186942.5,2105495540.0,2.0487529738636363
Gary Ross,2,68000000.0,416048928.2,2080244641.0,4.2703233585
Sarah Morris,2,66000000.0,415220103.4,2076100517.0,6.3404059933333325
Vikram Bhatt,2,8846153.846153846,159490692.30769232,2073379000.0,6.315545454545452
George Miller,2,140000000.0,228670317.33333334,2058032856.0,0.602471975308642
Dennis Dugan,3,78500000.0,203811436.9,2038114369.0,1.6049216988185655
Rawson Marshall Thurber,3,52875000.0,253370631.625,2026965053.0,4.5522154363648655
Paul W.S. Anderson,5,78541666.66666667,167941465.5,2015297586.0,1.5077684991534277
Wes Ball,2,43000000.0,335735294.6666667,2014411768.0,7.526884048537448
S.S. Rajamouli,2,34615384.615384616,154226183.69230768,2004940388.0,4.038039462820512
Martin Campbell,3,91538461.53846154,151636884.30769232,1971279496.0,1.5127402250549447
Diederik Van Rooijen,2,74307692.3076923,149975759.0,1949684867.0,1.3820877948717947
Denis Villeneuve,6,63712500.0,121642797.75,1946284764.0,1.2679489566314839
Ben Affleck,3,43038461.538461536,149654321.76923078,1945506183.0,2.7669443288675817
Chris Columbus,2,91250000.0,238794071.5,1910352572.0,1.6206576842105263
Malcolm D. Lee,4,26789473.684210528,99726993.63157895,1894812879.0,2.692861997179307
Rupert Sanders,2,135714285.7142857,267815428.2857143,1874707998.0,0.8832425162719636
Doug Liman,4,51826086.95652174,81368123.13043478,1871466832.0,0.3129547923660644
Chris Wedge,2,110000000.0,182333783.8,1823337838.0,0.7740235995999999
Rupert Wyatt,3,24360000.0,72765729.6,1819143240.0,0.2695609183655915
David Ayer,5,86428571.42857143,256682135.2857143,1796774947.0,1.2920763206972787
Simon West,5,56923076.92307692,136468192.07692307,1774086497.0,0.6310287570566688
Gore Verbinski,2,195000000.0,251843535.0,1762904745.0,0.44530222828282834
Michael Apted,2,97142857.14285715,242521466.14285713,1697650263.0,0.71957777718894
Robbie Walsh,2,3380000.0,111585922.4,1673788836.0,21.317184479999998
Angelina Jolie,2,57500000.0,136894477.66666666,1642733732.0,1.1275751141025638
Bobby Farrelly,3,43250000.0,100770559.125,1612328946.0,1.4638337544117648
Tate Taylor,3,37272727.27272727,142902626.9090909,1571928896.0,2.9655165745454544
Olivier Megaton,3,44333333.333333336,259253030.0,1555518180.0,4.676425712962963
Lasse Hallström,4,50823076.92307692,119061184.38461539,1547795397.0,2.379277413088988
Alexander Payne,3,28000000.0,139795427.45454547,1537749702.0,5.715310795900179
James Foley,2,55000000.0,376374555.5,1505498222.0,5.843173736363636
Ariel Schulman,3,14230769.23076923,108288610.46153846,1407751936.0,14.135972800000006
Henry Joost,3,14230769.23076923,108288610.46153846,1407751936.0,14.135972800000006
Robert Rodriguez,5,60001272.72727273,127012719.72727273,1397139917.0,0.6270041755450433
Niki Caro,2,58714285.71428572,193017681.7142857,1351123772.0,2.0792847320261436
Dean Israelite,2,100363636.36363636,122600258.36363636,1348602842.0,0.47043386969696965
Jonathan Levine,5,29333333.333333332,56178902.916666664,1348293670.0,1.2106007474801583
Rob Letterman,2,81142857.14285715,190239262.85714287,1331674840.0,1.4533930925404643
Frank Coraci,4,61333333.333333336,110810573.41666667,1329726881.0,0.7995998551421959
David Fincher,3,64200000.0,259431879.8,1297159399.0,3.521522674225865
Greg Tiernan,2,23125000.0,160153501.625,1281228013.0,6.043260147368421
Paul Weitz,2,71000000.0,213344938.0,1280069628.0,1.5513542369230766
Sarik Andreasyan,2,13911111.111111112,141733421.55555555,1275600794.0,8.85054729876543
James Bobin,3,80000000.0,159338611.625,1274708893.0,1.2894455954991086
Stephen Chbosky,2,18600000.0,250297630.2,1251488151.0,11.692946987692308
David Soren,2,86500000.0,206737226.0,1240423356.0,1.7280782606237814
Adam McKay,4,56000000.0,136388782.8888889,1227499046.0,1.9929299601058201
Steve McQueen,3,25823529.411764707,67607207.29411764,1149322524.0,2.150883915384616
Anton Corbijn,3,50000000.0,74424292.06666666,1116364381.0,0.8407415139463603
Chinguun Balkhjav,2,44266666.666666664,90696531.33333333,1088358376.0,1.941979370833333
Michael Dougherty,2,92500000.0,180532667.0,1083196002.0,1.9398393970588235
Dave Green,2,94333333.33333333,177610431.0,1065662586.0,1.2928967329534664
Danny Boyle,4,21117391.304347824,46061374.56521739,1059411615.0,0.557177011594203
Joe Carnahan,2,85714285.71428572,149814886.7142857,1048704207.0,1.079478706233766
Babak Najafi,2,48750000.0,130137380.25,1041099042.0,1.30464095625
Michael Grandage,2,33538461.53846154,80024671.46153846,1040320729.0,0.522225470965309
Harald Zwart,2,36000000.0,172852021.0,1037112126.0,6.137470327777778
Michael Radford,2,31818181.818181816,93285051.0,1026135561.0,0.8728974199999999
Jordan Peele,2,16250000.0,254499720.25,1017998881.0,21.301284175
Lilly Wachowski,2,124000000.0,145332972.57142857,1017330808.0,0.2055529999061077
Lana Wachowski,2,124000000.0,145332972.57142857,1017330808.0,0.2055529999061077
Duncan Jones,2,117333333.33333333,330491020.3333333,991473061.0,2.23580636875
Robert Delamere,2,27280000.0,98776163.2,987761632.0,2.208043061743772
Jason Moore,2,27111111.111111112,108255923.77777778,974303314.0,3.2658626056644886
Albert Hughes,2,54222222.222222224,106194422.33333333,955749801.0,0.9568684745915034
Ivan Reitman,2,25000000.0,119382928.5,955063428.0,3.77531714
Ben Falcone,3,28230769.230769232,73450093.76923077,954851219.0,1.716398228735632
Ethan Coen,3,24428571.42857143,135862662.57142857,951038638.0,3.778029578478665
Joel Coen,3,24428571.42857143,135862662.57142857,951038638.0,3.778029578478665
Tarsem Singh,2,81000000.0,188793063.2,943965316.0,1.3538399184313723
Etan Cohen,2,40400000.0,93594483.4,935944834.0,1.3298795599999995
John Madden,4,17200000.0,61587222.8,923808342.0,3.582380835555555
Jay Roach,2,86333333.33333333,98870664.66666667,889835982.0,0.15550148171878972
Damien Chazelle,3,43883333.333333336,147689250.0,886135500.0,5.6899909290404045
Darren Lynch,2,21740740.740740743,32267263.407407407,871216112.0,0.5202771749999998
Joe Wright,4,65111111.11111111,96507223.77777778,868565014.0,0.9110882653665909
George Clooney,2,49857142.85714286,124002681.0,868018767.0,1.7440281336291032
Robert Zemeckis,4,42545454.54545455,75916909.54545455,835086005.0,1.05431712553489
Sean Anders,3,44187500.0,103410549.5,827284396.0,1.4052944322916665
Thor Freudenthal,2,36428571.428571425,112355809.0,786490663.0,3.302140377777778
Neill Blomkamp,2,84500000.0,195597073.5,782388294.0,1.2639165968537416
Morten Tyldum,2,46666666.666666664,252573532.66666666,757720598.0,10.037676149494951
Theodore Melfi,2,22000000.0,187538095.5,750152382.0,7.007713672307692
V.K. Prakash,4,30285714.285714287,35660400.71428572,748868415.0,1.2130392483358934
Prachya Pinkaew,2,20363636.363636363,67488828.0,742377108.0,1.25335567965368
Steve Carr,2,9700000.0,29594056.2,739851405.0,2.0416807717647063
Robert Luketic,2,45600000.0,29017884.12,725447103.0,-0.4529553617999999
Glenn Ficarra,2,55000000.0,120494049.0,722964294.0,0.965186454945055
John Requa,2,55000000.0,120494049.0,722964294.0,0.965186454945055
Travis Knight,2,66750000.0,174459988.75,697839955.0,1.1976596580659535
D.J. Caruso,2,50000000.0,174268560.0,697074240.0,1.1464000274509805
Kelly Asbury,2,51428571.428571425,98759202.0,691314414.0,0.7242237285714285
Tom Tykwer,3,47938461.538461536,52217749.384615384,678830742.0,-0.43625346498599427
John Erick Dowdle,3,6428571.428571428,48267065.428571425,675738916.0,6.843295542857143
Adam Shankman,2,35000000.0,67247911.7,672479117.0,1.7084820278571429
Nicolas Winding Refn,3,12275000.0,55503117.416666664,666037409.0,2.8125986555555547
Ben Stiller,2,61714285.71428572,93209404.42857143,652465831.0,0.38052664411302983
Will Speck,2,38500000.0,80957090.5,647656724.0,1.1780874175438596
Josh Gordon,2,38500000.0,80957090.5,647656724.0,1.1780874175438596
Jean-Marc Vallée,2,13333333.333333334,53819093.333333336,645829120.0,3.9348694444444448
Timur Bekmambetov,2,56785714.28571428,90325103.57142857,632275725.0,1.7976456111946533
Wes Anderson,2,25000000.0,125928135.0,629640675.0,3.8950420080645167
Kabir Khan,2,16809523.80952381,29908756.904761903,628083895.0,1.2811455657305675
Brian Helgeland,2,25352941.17647059,36760246.88235294,624924197.0,0.4260209412523719
Greg Berlanti,2,26000000.0,88587606.71428572,620113247.0,3.4003254293233085
Jon Lucas,2,24000000.0,154354633.0,617418532.0,5.8055134357142855
Scott Moore,2,24000000.0,154354633.0,617418532.0,5.8055134357142855
Steven Quale,2,45000000.0,152720268.0,610881072.0,2.4419332725
David Dobkin,2,50500000.0,76088807.75,608710462.0,0.5071613344230769
Jimmy Hayward,2,51000000.0,60704884.0,607048840.0,0.1207815597678917
Quentin Tarantino,2,81000000.0,298906604.5,597813209.0,2.4422003730645163
James Ponsoldt,2,15264705.88235294,34698644.058823526,589876949.0,1.3481445673202619
Yaser Talebi,2,47500000.0,48295039.166666664,579540470.0,0.8218808333333335
Gregory Plotkin,2,7750000.0,48039302.5,576471630.0,4.545171518181818
Marcus Nispel,2,31439285.714285713,40915687.428571425,572819624.0,8.72776608095238
John Luessenhop,2,24800000.0,56834515.0,568345150.0,1.31232124
Breck Eisner,2,49500000.0,93632223.0,561793338.0,1.3030269894736843
Nimród Antal,2,27777777.777777776,61594676.222222224,554352086.0,0.6940520382716051
McG,2,50200000.0,109768694.2,548843471.0,1.0055659107692307
Stan Harrington,2,23520000.0,109102737.8,545513689.0,3.3183031185913188
John Francis Daley,2,33400000.0,108335133.6,541675668.0,2.249078065911072
Jonathan Goldstein,2,33400000.0,108335133.6,541675668.0,2.249078065911072
Woody Allen,4,22900000.0,107298468.0,536492340.0,3.4582233351421188
In-ho Hwang,2,4045454.5454545454,48629682.18181818,534926504.0,9.616845527272728
David Bowers,3,20500000.0,65499227.625,523993821.0,2.256386081439394
Robert Schwentke,2,120500000.0,83212466.5,499274799.0,-0.255903220231823
Camille Delamarre,2,24571428.57142857,71293950.28571428,499057652.0,1.9341447643784786
Christopher Landon,4,10333333.333333334,55266486.44444445,497398378.0,7.863784992592593
Mark Neveldine,2,35000000.0,82073269.5,492439617.0,0.8831235512820513
Phillip Noyce,2,51250000.0,122567777.25,490271109.0,1.5551494076923078
Andy Fickman,3,29200000.0,97961000.6,489805003.0,2.394872272736842
Steven Soderbergh,6,19025000.0,60502127.375,484017019.0,5.400765516246341
Spike Lee,3,7977272.7272727275,43982349.45454545,483805844.0,2.3859546666666667
Scott Waugh,2,48000000.0,156945424.33333334,470836273.0,3.2528935883838384
Louisa Warren,2,36333333.333333336,78413617.66666667,470481706.0,0.8209582927350426
Ava DuVernay,3,65840000.0,93443805.6,467219028.0,0.6816701017475727
Mike Flanagan,4,3478823.529411765,27040650.70588235,459691062.0,2.7107908466853408
Mikael Håfström,3,52000000.0,64039667.14285714,448277670.0,0.30646662265857694
Sylvain White,2,20000000.0,37150441.333333336,445805296.0,1.5204905333333327
Nima Nourizadeh,2,15200000.0,88481556.0,442407780.0,6.084938923809524
Ross Whitaker,2,19385736.90909091,40199833.0,442198163.0,0.027324153323318157
Ernie Barbarash,3,22444444.444444444,48139285.44444445,433253569.0,0.3756614938271605
Scott Cooper,2,42666666.666666664,71036706.33333333,426220238.0,0.4770978396226415
Steve Pink,3,20888888.888888888,47259997.55555555,425339978.0,1.5390548101343096
Andrew Niccol,2,47000000.0,84602431.2,423012156.0,0.975083970285714
Jon Erwin,3,7000000.0,35133305.333333336,421599664.0,5.243047860805862
Andrew Erwin,3,7000000.0,35133305.333333336,421599664.0,5.243047860805862
Craig Gillespie,4,49555555.55555555,46702269.333333336,420320424.0,0.40875788695526694
Tomas Alfredson,2,29000000.0,59609002.428571425,417263017.0,1.3680352612244897
Oliver Stone,2,47857142.85714286,55580591.71428572,389064142.0,0.19019611047619053
Cameron Crowe,2,46750000.0,95393577.5,381574310.0,0.9524704936486486
Charles Martin Smith,2,36400000.0,73122209.4,365611047.0,1.0023230166666666
Lee Daniels,2,21250000.0,90526580.5,362106322.0,2.1115314866666663
Michael Cuesta,2,41250000.0,45190101.875,361520815.0,0.17693283531746035
Roman Polanski,2,30000000.0,44967238.25,359737906.0,0.5074340144444445
Kirk Jones,2,32625000.0,89378901.5,357515606.0,2.048579181111111
Stephen Frears,2,16250000.0,88222628.75,352890515.0,5.667973543103448
Yossi Madmoni,2,22137931.03448276,11956667.310344828,346743352.0,-0.471607501582542
Boaz Yakin,2,23250000.0,43117421.0,344939368.0,0.9515385617424245
William Brent Bell,2,5500000.0,84990221.0,339960884.0,53.2907926
Xavier Giannoli,2,15200000.0,22632301.0,339484515.0,0.5629595789915965
Peter Spierig,2,6100000.0,67604902.4,338024512.0,10.705471840000001
Michael Spierig,2,6100000.0,67604902.4,338024512.0,10.705471840000001
Brad Furman,3,39166666.666666664,56125290.0,336751740.0,0.5439623646198831
Scott Stewart,3,35100000.0,66261462.2,331307311.0,2.184850804835165
Julie Anne Robinson,2,34666666.666666664,55024463.333333336,330146780.0,1.1192081968253966
Edgar Wright,2,24666666.666666668,107707065.0,323121195.0,2.8199323725490193
James DeMonaco,3,7333333.333333333,107105396.33333333,321316189.0,17.22214364074074
Gavin O'Connor,3,26500000.0,30956842.8,309568428.0,0.00883058750000001
Peter Landesman,2,28750000.0,38176930.75,305415446.0,0.1196328964285714
Bille Woodruff,2,5000000.0,14363302.57142857,301629354.0,1.8726605142857158
Barry Jenkins,2,5000000.0,50116730.333333336,300700382.0,28.549648861111113
Gavin Hood,2,77666666.66666667,97123122.66666667,291369368.0,0.6834204144522144
Patricia Riggen,2,21571428.57142857,41371578.14285714,289601047.0,1.4333992417582415
Neil Marshall,2,47000000.0,57796789.6,288983948.0,0.09643096266666666
Jodie Foster,2,25500000.0,71361080.75,285444323.0,1.6563522976190472
Rob Cohen,3,33625000.0,35442118.875,283536951.0,1.4354290303571429
Brian A. Miller,2,34800000.0,28353268.4,283532684.0,-0.5274455266666667
John R. Leonetti,2,9250000.0,140170132.5,280340265.0,19.736908862179487
John Lee Hancock,2,25000000.0,69682858.5,278731434.0,1.4557615190476192
Greta Gerwig,2,14000000.0,55724796.2,278623981.0,3.239058206666667
George Nolfi,2,38680000.0,55104824.0,275524120.0,0.15115639943451997
Andy Tennant,2,11800000.0,27161767.4,271617674.0,-0.3964051688888889
George Tillman Jr.,3,27000000.0,44887846.0,269327076.0,0.6308701670574027
Peter Segal,2,27850000.0,66548057.0,266192228.0,1.8881593487261148
Jake Schreier,2,9625000.0,65321452.0,261285808.0,4.834090849999999
John Crowley,2,20666666.666666668,41384094.0,248304564.0,2.7621903636363636
Simon Curtis,2,10600000.0,48848073.0,244240365.0,3.5652450799999995
John Hillcoat,2,24800000.0,48703708.0,243518540.0,0.9330898276923077
David Wain,2,27583333.333333332,20147075.0,241764900.0,-0.375915623931624
Tyler Perry,4,21400000.0,47531093.4,237655467.0,1.232025535904762
Renny Harlin,2,50666666.666666664,39331477.0,235988862.0,-0.4361011246031745
Derek Cianfrance,3,11000000.0,29412066.375,235296531.0,6.666147875
Eli Roth,3,7466666.666666667,15658393.0,234875895.0,3.1575344333333333
Gus Van Sant,2,13727272.727272727,10645098.181818182,234192160.0,-0.26092136818181816
David Frankel,3,37000000.0,58440859.0,233763436.0,0.7951820892615176
Ken Scott,2,32111111.111111112,25952455.222222224,233572097.0,0.00613921414141415
Niels Arden Oplev,2,24400000.0,46512751.2,232563756.0,0.9773436071794872
Paul Thomas Anderson,2,31666666.666666668,38689059.333333336,232134356.0,0.14660427333333334
Akiva Schaffer,2,37500000.0,38333582.5,230001495.0,-0.15129886363636366
Yorgos Lanthimos,2,9750000.0,56066881.5,224267526.0,4.139334744444445
Kelly Weaver,2,11500000.0,31817643.85714286,222723507.0,0.9690798206997085
Ki-duk Kim,2,18000000.0,55398016.0,221592064.0,1.521653961038961
Nick Hamm,2,19566666.666666668,14579018.4,218685276.0,-0.7686753
Alex Kendrick,2,2500000.0,54580561.5,218322246.0,20.1256775
Steven Knight,3,24153846.153846152,16477624.0,214209112.0,-0.3269703514244061
Miguel Arteta,2,22000000.0,70206901.66666667,210620705.0,1.675863580952381
Stephen Daldry,2,11562500.0,12971970.9375,207551535.0,0.8776394687499992
Michael Tiddes,3,3833333.3333333335,34414164.666666664,206484988.0,10.231117816666666
Pierre Morel,2,38333333.333333336,22283841.555555556,200554574.0,-0.3565693644444444
Dexter Fletcher,2,29000000.0,66254561.666666664,198763685.0,1.1893750565570873
John Wells,2,21000000.0,39566570.0,197832850.0,0.8768508799999999
Burr Steers,2,36000000.0,32558192.0,195349152.0,-0.15200018181818184
Allen Hughes,2,57500000.0,96615431.0,193230862.0,0.48476467767857145
Martin McDonagh,2,12750000.0,96613825.5,193227651.0,6.898208902777778
Richard Linklater,3,4444444.444444444,21189852.111111112,190708669.0,4.784313212962963
Ken Kwapis,2,24000000.0,31194019.0,187164114.0,1.6358183749999997
Richard LaGravenese,2,30800000.0,36251844.8,181259224.0,-0.23554588800000004
Dmitriy Dyachenko,2,6017241.379310345,6170801.655172414,178953248.0,-0.21770257938410473
James McTeigue,3,18000000.0,21354995.75,170839966.0,1.4789809448717948
Drew Goddard,2,30666666.666666668,56861438.333333336,170584315.0,0.8751004590277778
Zach Braff,2,15000000.0,42631972.0,170527888.0,1.1882924791666667
Ariel Vromen,2,20750000.0,21197435.5,169579484.0,-0.2034026928571429
Alexandre Aja,2,18750000.0,20915040.0,167320320.0,-0.12854
Salim Akil,2,8800000.0,30059634.2,150298171.0,2.660110865714286
Leslie Small,3,5593750.0,18728591.875,149828735.0,5.6521329
Daniel Stamm,2,3266666.6666666665,23420334.666666668,140522008.0,12.001610518518518
Jeremy Herrin,2,12800000.0,13640780.0,136407800.0,0.6967592100000001
Anne Fletcher,2,36666666.666666664,44212566.0,132637698.0,0.21405584523809526
Aj Cross,3,8714285.714285715,18574204.57142857,130019432.0,0.6048506904761906
Shana Feste,2,18750000.0,31189126.5,124756506.0,0.6452979375000001
Alex Garland,2,41000000.0,41500074.0,124500222.0,0.5056202097902098
David Koepp,2,47500000.0,30894667.5,123578670.0,-0.29822458333333335
Corey Harrell,2,3966969.285714286,17578414.57142857,123048902.0,3.4121322173370956
Catherine Hardwicke,3,15200000.0,24492153.2,122460766.0,-0.1480019104761905
Kevin Smith,4,17200000.0,23142785.6,115713928.0,-0.16963348720720722
James Franco,2,11666666.666666666,19216505.333333332,115299032.0,0.9192707333333333
Jeff Nichols,4,9964285.714285715,16351482.285714285,114460376.0,0.7263096046783627
Wes Craven,2,32500000.0,56358530.0,112717060.0,0.534419275
Johannes Roberts,2,5000000.0,18590088.333333332,111540530.0,2.7180176666666664
Taylor Hackford,3,19545454.545454547,10045688.454545455,110502573.0,-0.6668729958441559
Nadeem Soumah,2,29769230.769230768,8467839.23076923,110081910.0,-0.631340021978022
Ciarán Foy,2,10750000.0,13526056.25,108208450.0,0.35260562500000003
Daniel Barnz,2,18333333.333333332,16506412.0,99038472.0,-0.05275183488132099
Mark Jenkin,2,26267500.0,11611554.75,92892438.0,-0.5602006642857142
Deon Taylor,2,4450000.0,22551471.5,90205886.0,6.304295826388889
Jonathan Teplitzky,2,14800000.0,17379004.4,86895022.0,0.10029484
Mike Leigh,2,9500000.0,21300966.25,85203865.0,1.3252945401785714
Rick Famuyiwa,2,12250000.0,20605617.25,82422469.0,0.7966660714285714
James Gray,3,25560000.0,7975371.2,79753712.0,-0.6014166008333334
Kenneth Lonergan,2,11250000.0,39178579.5,78357159.0,3.594840840336135
Rodrigo Cortés,2,5915737.5,19582438.5,78329754.0,7.230987781632087
Greg McLean,2,4142857.1428571427,11026100.0,77182700.0,1.6722897
Noah Baumbach,2,7200000.0,15007404.4,75037022.0,1.5519322133333333
Justin Chadwick,2,30000000.0,18341585.0,73366340.0,-0.43713889714285714
Todd Strauss-Schulson,2,9666666.666666666,12088581.666666666,72531490.0,-0.3955709166666666
Muyiwa Aluko,2,6346153.846153846,5501790.076923077,71523271.0,-0.926642798974359
Marco Berger,2,6150000.0,13824888.8,69124444.0,-0.07834074666666666
Adam Wingard,2,5500000.0,32936377.0,65872754.0,14.392867350000001
David E. Talbert,2,12750000.0,32689671.0,65379342.0,1.5960346470588234
Charles Uwagbai,2,15000000.0,12910850.4,64554252.0,0.7423067555555557
Dan Gilroy,3,17166666.666666668,21100476.666666668,63301430.0,1.170368623885918
Michael Winterbottom,3,22800000.0,6311436.6,63114366.0,-0.7208303366153845
Jacques Audiard,2,23500000.0,10423706.5,62542239.0,-0.3990452192982456
Jon Cassar,2,17000000.0,3846056.125,61536898.0,-0.6153943874999999
Jorma Taccone,2,15000000.0,9083507.5,54501045.0,-0.33007725000000004
Jason Reitman,2,16000000.0,17043325.333333332,51129976.0,0.15750285185185187
Andrew Hyatt,2,3416666.6666666665,17019665.333333332,51058996.0,2.4039330666666667
Jay Duplass,2,8000000.0,8277973.0,49667838.0,0.11530861428571426
Mark Duplass,2,8000000.0,8277973.0,49667838.0,0.11530861428571426
Rob Reiner,3,15250000.0,5770894.0,46167152.0,-0.6300645304563491
Rowan Joffe,2,16500000.0,9896616.0,39586464.0,-0.5449344318181818
Joe Cornish,2,36000000.0,17403814.5,34807629.0,-0.5113288168187744
David G. Evans,2,2450000.0,3472548.0,34725480.0,1.411469166666666
Anchitta Noowong,2,6150000.0,6706527.2,33532636.0,8.246125813333334
Nicole Holofcener,2,5500000.0,15095813.5,30191627.0,1.3630368958333332
J.C. Chandor,2,11700000.0,14640051.0,29280102.0,2.2260581985294117
Marielle Heller,2,6000000.0,7016173.0,28064692.0,0.1576091
Nick Love,2,3100000.0,4800230.0,24001150.0,0.06672586666666669
Charles Ferguson,2,2600000.0,4691247.4,23456237.0,1.343118014285714
David Michôd,2,6350000.0,5629467.5,22517870.0,0.1488216232492997
Mira Nair,2,15000000.0,3704314.3333333335,22225886.0,-0.7530457111111111
Trey Edward Shults,2,2515000.0,9932512.5,19865025.0,3.3857203
Andrea Arnold,2,7357142.857142857,2705850.5714285714,18940954.0,-0.601805030612245
Conor Allyn,2,12333333.333333334,894735.6666666666,18789449.0,-0.10526433333333328
Lorene Scafaria,2,6600000.0,8646950.5,17293901.0,0.4519326375
Craig Johnson,2,3100000.0,3898596.0,15594384.0,2.0909036923076925
Michael Polish,2,3857142.8571428573,2064060.857142857,14448426.0,-0.5871878285714285
Rebecca Harrell Tickell,2,13666666.666666666,819391.6666666666,12290875.0,-0.9414133045977013
Joshua Tickell,2,13666666.666666666,819391.6666666666,12290875.0,-0.9414133045977013
Andrew Haigh,2,2793333.3333333335,1870065.6666666667,11220394.0,4.637678756578947
Jehan Semper,2,6080000.0,2145193.8,10725969.0,-0.6354513215686273
Barry Avrich,2,15000000.0,1228783.0,9830264.0,-0.884070275
Karyn Kusama,2,3666666.6666666665,1463589.3333333333,8781536.0,-0.6271057777777778
Panos Cosmatos,2,5300000.0,1231775.2857142857,8622427.0,-0.7887126493506493
Ben Wheatley,2,5400000.0,2127972.5,8511890.0,-0.5214343
Julian Gilbey,2,9142857.142857144,556396.5714285715,7789552.0,-0.9348771285714287
Zal Batmanglij,2,3317500.0,1728702.0,6914808.0,0.8234678404558404
Jim Mickle,2,3000000.0,1427534.5,5710138.0,-0.37116799999999994
Mario Van Peebles,3,24358333.333333332,217027.41666666666,5208658.0,-0.9924319435688406
Mike Cahill,2,450000.0,1685985.6666666667,5057957.0,7.294719666666666
Jeremy Saulnier,2,2710000.0,2122252.5,4244505.0,-0.09900922380952382
Roland Joffé,2,35200000.0,847317.2,4236586.0,-0.9764291895238095
Youssef Delara,3,2650000.0,840924.6,4204623.0,-0.44525344
Paul Schrader,3,2916666.6666666665,1337262.0,4011786.0,-0.5428314952380952
David L. Hunt,2,5375000.0,1000046.5,4000186.0,-0.8888837222222223
David Lowery,2,2550000.0,1922395.5,3844791.0,12.9564109
Gurinder Chadha,2,13333333.333333334,547646.3333333334,3285878.0,-0.9452353666666667
Rob Zombie,2,1500000.0,1231929.0,2463858.0,-0.178714
Marcel Walz,2,6480000.0,348705.8,1743529.0,-0.9625750733333334
Eugene Jarecki,2,4909090.909090909,157151.81818181818,1728670.0,-0.9458097178683388
Michael Berry,2,4100000.0,64902.0,1557648.0,-0.9823477391304346
William Winckler,2,3478723.404255319,13233.404255319148,621970.0,-0.9995588865248228
Joe Swanberg,2,213333.33333333334,155908.0,467724.0,-0.4399142857142857
Travis Legge,2,28000.0,1210.6666666666667,3632.0,-0.9697333333333334
David DeCoteau,2,1000000.0,0.0,0.0,-1.0
Jason Trost,2,46666.666666666664,0.0,0.0,-1.0
Dominic Burns,2,1850000.0,0.0,0.0,-1.0
Joel Paul Reisig,2,416666.6666666667,0.0,0.0,-1.0
